dataset,model,mode,seed,scope,axis,selected_count,axis_selected_count,axis_selected_fraction,selected_true_mean,axis_true_mean,feedback_deficit,conflict_score,conflict_rank
BEAR B70,rf_ucb,clean,0,seed,PrinterNumber=3,200,76,0.38,24.150434210925,23.314818664671055,0.8356155462539441,0.31753390757649874,1
BEAR B70,rf_ucb,clean,0,seed,PrinterNumber=4,200,22,0.11,24.150434210925,21.633639030227272,2.516795180697727,0.27684746987674996,2
BEAR B70,rf_ucb,clean,0,seed,DecisionPolicy=7,200,15,0.075,24.150434210925,21.466470819333335,2.6839633915916643,0.20129725436937482,3
BEAR B70,rf_ucb,clean,0,seed,NozzleSize=0.5,200,7,0.035,24.150434210925,20.24211736285714,3.9083168480678587,0.13679108968237508,4
BEAR B70,rf_ucb,clean,0,seed,PrinterNozzle=1,200,7,0.035,24.150434210925,20.24211736285714,3.9083168480678587,0.13679108968237508,5
BEAR B70,rf_ucb,clean,0,seed,PrinterNumber=2,200,7,0.035,24.150434210925,20.24211736285714,3.9083168480678587,0.13679108968237508,6
BEAR B70,rf_ucb,clean,0,seed,DecisionPolicy=8,200,185,0.925,24.150434210925,24.368052864297297,-0.21761865337229835,0.0,7
BEAR B70,rf_ucb,clean,0,seed,NozzleSize=0.75,200,193,0.965,24.150434210925,24.292186635466322,-0.1417524245413233,0.0,8
BEAR B70,rf_ucb,clean,0,seed,PrinterNozzle=0,200,193,0.965,24.150434210925,24.292186635466322,-0.1417524245413233,0.0,9
BEAR B70,rf_ucb,clean,0,seed,PrinterNumber=1,200,95,0.475,24.150434210925,25.68974466805263,-1.5393104571276304,0.0,10
BEAR B70,rf_ucb,clean,1,seed,PrinterNumber=3,200,75,0.375,25.168559989025,23.687793419,1.4807665700250006,0.5552874637593752,1
BEAR B70,rf_ucb,clean,1,seed,DecisionPolicy=7,200,18,0.09,25.168559989025,20.343080834444443,4.825479154580556,0.43429312391225,2
BEAR B70,rf_ucb,clean,1,seed,PrinterNumber=4,200,21,0.105,25.168559989025,21.318747068095234,3.8498129209297645,0.40423035669762525,3
BEAR B70,rf_ucb,clean,1,seed,NozzleSize=0.5,200,9,0.045,25.168559989025,19.91376768666667,5.254792302358329,0.2364656536061248,4
BEAR B70,rf_ucb,clean,1,seed,PrinterNozzle=1,200,9,0.045,25.168559989025,19.91376768666667,5.254792302358329,0.2364656536061248,5
BEAR B70,rf_ucb,clean,1,seed,PrinterNumber=2,200,9,0.045,25.168559989025,19.91376768666667,5.254792302358329,0.2364656536061248,6
BEAR B70,rf_ucb,clean,1,seed,DecisionPolicy=8,200,182,0.91,25.168559989025,25.64580518013737,-0.4772451911123703,0.0,7
BEAR B70,rf_ucb,clean,1,seed,NozzleSize=0.75,200,191,0.955,25.168559989025,25.416168003272258,-0.24760801424725898,0.0,8
BEAR B70,rf_ucb,clean,1,seed,PrinterNozzle=0,200,191,0.955,25.168559989025,25.416168003272258,-0.24760801424725898,0.0,9
BEAR B70,rf_ucb,clean,1,seed,PrinterNumber=1,200,95,0.475,25.168559989025,27.68641993442106,-2.5178599453960615,0.0,10
BEAR B70,rf_ucb,clean,2,seed,PrinterNumber=3,200,66,0.33,22.958054310799998,22.31297925477273,0.6450750560272667,0.212874768488998,1
BEAR B70,rf_ucb,clean,2,seed,PrinterNumber=4,200,25,0.125,22.958054310799998,21.565329389,1.3927249217999993,0.1740906152249999,2
BEAR B70,rf_ucb,clean,2,seed,DecisionPolicy=7,200,16,0.08,22.958054310799998,21.24873686875,1.709317442049997,0.13674539536399977,3
BEAR B70,rf_ucb,clean,2,seed,NozzleSize=0.5,200,7,0.035,22.958054310799998,20.242117362857147,2.7159369479428506,0.09505779317799978,4
BEAR B70,rf_ucb,clean,2,seed,PrinterNozzle=1,200,7,0.035,22.958054310799998,20.242117362857147,2.7159369479428506,0.09505779317799978,5
BEAR B70,rf_ucb,clean,2,seed,PrinterNumber=2,200,7,0.035,22.958054310799998,20.242117362857147,2.7159369479428506,0.09505779317799978,6
BEAR B70,rf_ucb,clean,2,seed,DecisionPolicy=8,200,184,0.92,22.958054310799998,23.106690610108696,-0.14863629930869848,0.0,7
BEAR B70,rf_ucb,clean,2,seed,NozzleSize=0.75,200,193,0.965,22.958054310799998,23.056559795958552,-0.0985054851585545,0.0,8
BEAR B70,rf_ucb,clean,2,seed,PrinterNozzle=0,200,193,0.965,22.958054310799998,23.056559795958552,-0.0985054851585545,0.0,9
BEAR B70,rf_ucb,clean,2,seed,PrinterNumber=1,200,102,0.51,22.958054310799998,23.903197794901963,-0.9451434841019655,0.0,10
BEAR B70,rf_ucb,clean,3,seed,PrinterNumber=3,200,87,0.435,22.0083578934,20.928612805287358,1.0797450881126416,0.4696891133289991,1
BEAR B70,rf_ucb,clean,3,seed,DecisionPolicy=7,200,22,0.11,22.0083578934,19.724829889318183,2.283528004081816,0.25118808044899976,2
BEAR B70,rf_ucb,clean,3,seed,NozzleSize=0.5,200,12,0.06,22.0083578934,18.229439790416667,3.778918102983333,0.22673508617899996,3
BEAR B70,rf_ucb,clean,3,seed,PrinterNozzle=1,200,12,0.06,22.0083578934,18.229439790416667,3.778918102983333,0.22673508617899996,4
BEAR B70,rf_ucb,clean,3,seed,PrinterNumber=2,200,12,0.06,22.0083578934,18.229439790416667,3.778918102983333,0.22673508617899996,5
BEAR B70,rf_ucb,clean,3,seed,PrinterNumber=4,200,30,0.15,22.0083578934,20.960310626833326,1.0480472665666731,0.15720708998500096,6
BEAR B70,rf_ucb,clean,3,seed,DecisionPolicy=8,200,178,0.89,22.0083578934,22.290591691657305,-0.2822337982573053,0.0,7
BEAR B70,rf_ucb,clean,3,seed,NozzleSize=0.75,200,188,0.94,22.0083578934,22.249565431888296,-0.2412075384882968,0.0,8
BEAR B70,rf_ucb,clean,3,seed,PrinterNozzle=0,200,188,0.94,22.0083578934,22.249565431888296,-0.2412075384882968,0.0,9
BEAR B70,rf_ucb,clean,3,seed,PrinterNumber=1,200,71,0.355,22.0083578934,24.412953075070423,-2.404595181670423,0.0,10
BEAR B70,rf_ucb,clean,4,seed,PrinterNumber=3,200,62,0.31,26.790912294800002,24.340489416209678,2.4504228785903237,0.7596310923630003,1
BEAR B70,rf_ucb,clean,4,seed,PrinterNumber=4,200,16,0.08,26.790912294800002,21.5669739190625,5.2239383757375,0.417915070059,2
BEAR B70,rf_ucb,clean,4,seed,DecisionPolicy=7,200,13,0.065,26.790912294800002,22.06600396307692,4.724908331723082,0.3071190415620003,3
BEAR B70,rf_ucb,clean,4,seed,NozzleSize=0.5,200,6,0.03,26.790912294800002,20.691236978333333,6.099675316466669,0.18299025949400008,4
BEAR B70,rf_ucb,clean,4,seed,PrinterNozzle=1,200,6,0.03,26.790912294800002,20.691236978333333,6.099675316466669,0.18299025949400008,5
BEAR B70,rf_ucb,clean,4,seed,PrinterNumber=2,200,6,0.03,26.790912294800002,20.691236978333333,6.099675316466669,0.18299025949400008,6
BEAR B70,rf_ucb,clean,4,seed,DecisionPolicy=8,200,186,0.93,26.790912294800002,27.09734963790322,-0.30643734310321946,0.0,7
BEAR B70,rf_ucb,clean,4,seed,NozzleSize=0.75,200,194,0.97,26.790912294800002,26.97956204685567,-0.18864975205566736,0.0,8
BEAR B70,rf_ucb,clean,4,seed,PrinterNozzle=0,200,194,0.97,26.790912294800002,26.97956204685567,-0.18864975205566736,0.0,9
BEAR B70,rf_ucb,clean,4,seed,PrinterNumber=1,200,116,0.58,26.790912294800002,29.13666474637931,-2.3457524515793082,0.0,10
BEAR B70,rf_ucb,clean,5,seed,PrinterNumber=3,200,63,0.315,25.603532297075,22.670048744603175,2.9334835524718237,0.9240473190286245,1
BEAR B70,rf_ucb,clean,5,seed,PrinterNumber=4,200,16,0.08,25.603532297075,21.511206029375,4.092326267699999,0.32738610141599994,2
BEAR B70,rf_ucb,clean,5,seed,DecisionPolicy=7,200,15,0.075,25.603532297075,22.10657549,3.496956807074998,0.26227176053062484,3
BEAR B70,rf_ucb,clean,5,seed,NozzleSize=0.5,200,6,0.03,25.603532297075,20.691236978333333,4.912295318741666,0.14736885956225,4
BEAR B70,rf_ucb,clean,5,seed,PrinterNozzle=1,200,6,0.03,25.603532297075,20.691236978333333,4.912295318741666,0.14736885956225,5
BEAR B70,rf_ucb,clean,5,seed,PrinterNumber=2,200,6,0.03,25.603532297075,20.691236978333333,4.912295318741666,0.14736885956225,6
BEAR B70,rf_ucb,clean,5,seed,DecisionPolicy=8,200,185,0.925,25.603532297075,25.887069335486483,-0.2835370384114846,0.0,7
BEAR B70,rf_ucb,clean,5,seed,NozzleSize=0.75,200,194,0.97,25.603532297075,25.755458956417527,-0.15192665934252858,0.0,8
BEAR B70,rf_ucb,clean,5,seed,PrinterNozzle=0,200,194,0.97,25.603532297075,25.755458956417527,-0.15192665934252858,0.0,9
BEAR B70,rf_ucb,clean,5,seed,PrinterNumber=1,200,115,0.575,25.603532297075,28.03623191447826,-2.4326996174032622,0.0,10
BEAR B70,rf_ucb,clean,6,seed,PrinterNumber=3,200,76,0.38,25.46091493855,23.748299277894738,1.7126156606552634,0.6507939510490001,1
BEAR B70,rf_ucb,clean,6,seed,DecisionPolicy=7,200,16,0.08,25.46091493855,21.52434474625,3.9365701922999996,0.314925615384,2
BEAR B70,rf_ucb,clean,6,seed,PrinterNumber=4,200,18,0.09,25.46091493855,22.14454335222222,3.3163715863277794,0.2984734427695001,3
BEAR B70,rf_ucb,clean,6,seed,NozzleSize=0.5,200,7,0.035,25.46091493855,20.242117362857147,5.218797575692854,0.1826579151492499,4
BEAR B70,rf_ucb,clean,6,seed,PrinterNozzle=1,200,7,0.035,25.46091493855,20.242117362857147,5.218797575692854,0.1826579151492499,5
BEAR B70,rf_ucb,clean,6,seed,PrinterNumber=2,200,7,0.035,25.46091493855,20.242117362857147,5.218797575692854,0.1826579151492499,6
BEAR B70,rf_ucb,clean,6,seed,DecisionPolicy=8,200,184,0.92,25.46091493855,25.803225390054347,-0.34231045150434625,0.0,7
BEAR B70,rf_ucb,clean,6,seed,NozzleSize=0.75,200,193,0.965,25.46091493855,25.650197752176165,-0.18928281362616417,0.0,8
BEAR B70,rf_ucb,clean,6,seed,PrinterNozzle=0,200,193,0.965,25.46091493855,25.650197752176165,-0.18928281362616417,0.0,9
BEAR B70,rf_ucb,clean,6,seed,PrinterNumber=1,200,99,0.495,25.46091493855,27.747632734444448,-2.2867177958944467,0.0,10
BEAR B70,rf_ucb,clean,7,seed,PrinterNumber=3,200,73,0.365,23.599985339575,21.995190526849317,1.6047948127256824,0.585750106644874,1
BEAR B70,rf_ucb,clean,7,seed,DecisionPolicy=7,200,22,0.11,23.599985339575,19.78424605340909,3.815739286165911,0.4197313214782502,2
BEAR B70,rf_ucb,clean,7,seed,PrinterNumber=4,200,30,0.15,23.599985339575,21.125472715999997,2.474512623575002,0.37117689353625033,3
BEAR B70,rf_ucb,clean,7,seed,NozzleSize=0.5,200,12,0.06,23.599985339575,18.229439790416667,5.370545549158333,0.32223273294949994,4
BEAR B70,rf_ucb,clean,7,seed,PrinterNozzle=1,200,12,0.06,23.599985339575,18.229439790416667,5.370545549158333,0.32223273294949994,5
BEAR B70,rf_ucb,clean,7,seed,PrinterNumber=2,200,12,0.06,23.599985339575,18.229439790416667,5.370545549158333,0.32223273294949994,6
BEAR B70,rf_ucb,clean,7,seed,DecisionPolicy=8,200,178,0.89,23.599985339575,24.07159356595505,-0.4716082263800523,0.0,7
BEAR B70,rf_ucb,clean,7,seed,NozzleSize=0.75,200,188,0.94,23.599985339575,23.94278611930851,-0.342800779733512,0.0,8
BEAR B70,rf_ucb,clean,7,seed,PrinterNozzle=0,200,188,0.94,23.599985339575,23.94278611930851,-0.342800779733512,0.0,9
BEAR B70,rf_ucb,clean,7,seed,PrinterNumber=1,200,85,0.425,23.599985339575,26.60977294694118,-3.0097876073661816,0.0,10
BEAR B70,rf_ucb,clean,8,seed,PrinterNumber=3,200,79,0.395,23.24174897295,21.172198610632915,2.0695503623170843,0.8174723931152483,1
BEAR B70,rf_ucb,clean,8,seed,DecisionPolicy=7,200,21,0.105,23.24174897295,19.80008468595238,3.441664286997618,0.36137475013474984,2
BEAR B70,rf_ucb,clean,8,seed,PrinterNumber=4,200,29,0.145,23.24174897295,21.057408263620687,2.1843407093293123,0.31672940285275025,3
BEAR B70,rf_ucb,clean,8,seed,NozzleSize=0.5,200,11,0.055,23.24174897295,18.586683883181816,4.655065089768183,0.25602857993725003,4
BEAR B70,rf_ucb,clean,8,seed,PrinterNozzle=1,200,11,0.055,23.24174897295,18.586683883181816,4.655065089768183,0.25602857993725003,5
BEAR B70,rf_ucb,clean,8,seed,PrinterNumber=2,200,11,0.055,23.24174897295,18.586683883181816,4.655065089768183,0.25602857993725003,6
BEAR B70,rf_ucb,clean,8,seed,DecisionPolicy=8,200,175,0.875,23.24174897295,23.503720636200004,-0.2619716632500051,0.0,7
BEAR B70,rf_ucb,clean,8,seed,NozzleSize=0.75,200,189,0.945,23.24174897295,23.512678687169316,-0.2709297142193172,0.0,8
BEAR B70,rf_ucb,clean,8,seed,PrinterNozzle=0,200,189,0.945,23.24174897295,23.512678687169316,-0.2709297142193172,0.0,9
BEAR B70,rf_ucb,clean,8,seed,PrinterNumber=1,200,81,0.405,23.24174897295,26.674416567777776,-3.4326675948277767,0.0,10
BEAR B70,rf_ucb,clean,9,seed,PrinterNumber=3,200,52,0.26,26.579105117950004,23.699723497403852,2.8793816205461518,0.7486392213419995,1
BEAR B70,rf_ucb,clean,9,seed,PrinterNumber=4,200,18,0.09,26.579105117950004,21.44451183027778,5.1345932876722244,0.46211339589050016,2
BEAR B70,rf_ucb,clean,9,seed,DecisionPolicy=7,200,14,0.07,26.579105117950004,22.02009966642857,4.559005451521433,0.3191303816065003,3
BEAR B70,rf_ucb,clean,9,seed,NozzleSize=0.5,200,6,0.03,26.579105117950004,20.691236978333333,5.887868139616671,0.17663604418850012,4
BEAR B70,rf_ucb,clean,9,seed,PrinterNozzle=1,200,6,0.03,26.579105117950004,20.691236978333333,5.887868139616671,0.17663604418850012,5
BEAR B70,rf_ucb,clean,9,seed,PrinterNumber=2,200,6,0.03,26.579105117950004,20.691236978333333,5.887868139616671,0.17663604418850012,6
BEAR B70,rf_ucb,clean,9,seed,DecisionPolicy=0,200,5,0.025,26.579105117950004,28.438575653999997,-1.8594705360499937,0.0,7
BEAR B70,rf_ucb,clean,9,seed,DecisionPolicy=8,200,181,0.905,26.579105117950004,26.880368784475138,-0.30126366652513425,0.0,8
BEAR B70,rf_ucb,clean,9,seed,NozzleSize=0.75,200,194,0.97,26.579105117950004,26.76120413257732,-0.18209901462731537,0.0,9
BEAR B70,rf_ucb,clean,9,seed,PrinterNozzle=0,200,194,0.97,26.579105117950004,26.76120413257732,-0.18209901462731537,0.0,10
BEAR B70,rf_ucb,clean,9,seed,PrinterNumber=1,200,124,0.62,26.579105117950004,28.816828765403226,-2.2377236474532225,0.0,11
BEAR B70,rf_ucb,random_swap,0,seed,PrinterNumber=3,200,81,0.405,25.553639735925,22.541916092839507,3.0117236430854923,1.2197480754496244,1
BEAR B70,rf_ucb,random_swap,0,seed,DecisionPolicy=7,200,16,0.08,25.553639735925,20.36081958875,5.192820147174999,0.4154256117739999,2
BEAR B70,rf_ucb,random_swap,0,seed,PrinterNumber=4,200,15,0.075,25.553639735925,20.778987813666664,4.774651922258336,0.3580988941693752,3
BEAR B70,rf_ucb,random_swap,0,seed,NozzleSize=0.5,200,5,0.025,25.553639735925,20.52985292,5.023786815925,0.125594670398125,4
BEAR B70,rf_ucb,random_swap,0,seed,PrinterNozzle=1,200,5,0.025,25.553639735925,20.52985292,5.023786815925,0.125594670398125,5
BEAR B70,rf_ucb,random_swap,0,seed,PrinterNumber=2,200,5,0.025,25.553639735925,20.52985292,5.023786815925,0.125594670398125,6
BEAR B70,rf_ucb,random_swap,0,seed,DecisionPolicy=8,200,183,0.915,25.553639735925,25.9767074260929,-0.42306769016790113,0.0,7
BEAR B70,rf_ucb,random_swap,0,seed,NozzleSize=0.75,200,195,0.975,25.553639735925,25.682454782487184,-0.12881504656218468,0.0,8
BEAR B70,rf_ucb,random_swap,0,seed,PrinterNozzle=0,200,195,0.975,25.553639735925,25.682454782487184,-0.12881504656218468,0.0,9
BEAR B70,rf_ucb,random_swap,0,seed,PrinterNumber=1,200,99,0.495,25.553639735925,28.994935978383843,-3.4412962424588436,0.0,10
BEAR B70,rf_ucb,random_swap,1,seed,NozzleSize=0.5,200,14,0.07,21.4521420231,16.89767403535714,4.554467987742857,0.318812759142,1
BEAR B70,rf_ucb,random_swap,1,seed,PrinterNozzle=1,200,14,0.07,21.4521420231,16.89767403535714,4.554467987742857,0.318812759142,2
BEAR B70,rf_ucb,random_swap,1,seed,PrinterNumber=2,200,14,0.07,21.4521420231,16.89767403535714,4.554467987742857,0.318812759142,3
BEAR B70,rf_ucb,random_swap,1,seed,PrinterNumber=3,200,77,0.385,21.4521420231,20.649389949480526,0.8027520736194731,0.30905954834349714,4
BEAR B70,rf_ucb,random_swap,1,seed,DecisionPolicy=7,200,25,0.125,21.4521420231,19.859117357800002,1.5930246652999962,0.19912808316249953,5
BEAR B70,rf_ucb,random_swap,1,seed,PrinterNumber=4,200,35,0.175,21.4521420231,20.852507206714286,0.5996348163857128,0.10493609286749973,6
BEAR B70,rf_ucb,random_swap,1,seed,DecisionPolicy=8,200,175,0.875,21.4521420231,21.679716975285718,-0.22757495218571933,0.0,7
BEAR B70,rf_ucb,random_swap,1,seed,NozzleSize=0.75,200,186,0.93,21.4521420231,21.79495144153226,-0.3428094184322603,0.0,8
BEAR B70,rf_ucb,random_swap,1,seed,PrinterNozzle=0,200,186,0.93,21.4521420231,21.79495144153226,-0.3428094184322603,0.0,9
BEAR B70,rf_ucb,random_swap,1,seed,PrinterNumber=1,200,74,0.37,21.4521420231,23.432705267297298,-1.980563244197299,0.0,10
BEAR B70,rf_ucb,random_swap,2,seed,PrinterNumber=3,200,42,0.21,25.589793763075,23.12143545797619,2.4683583050988105,0.5183552440707502,1
BEAR B70,rf_ucb,random_swap,2,seed,PrinterNumber=4,200,27,0.135,25.589793763075,21.765391134814816,3.8244026282601844,0.516294354815125,2
BEAR B70,rf_ucb,random_swap,2,seed,DecisionPolicy=7,200,15,0.075,25.589793763075,21.804910301333333,3.784883461741668,0.28386625963062506,3
BEAR B70,rf_ucb,random_swap,2,seed,NozzleSize=0.5,200,8,0.04,25.589793763075,19.19408992125,6.395703841825,0.255828153673,4
BEAR B70,rf_ucb,random_swap,2,seed,PrinterNozzle=1,200,8,0.04,25.589793763075,19.19408992125,6.395703841825,0.255828153673,5
BEAR B70,rf_ucb,random_swap,2,seed,PrinterNumber=2,200,8,0.04,25.589793763075,19.19408992125,6.395703841825,0.255828153673,6
BEAR B70,rf_ucb,random_swap,2,seed,DecisionPolicy=8,200,184,0.92,25.589793763075,25.970065757092392,-0.38027199401739153,0.0,7
BEAR B70,rf_ucb,random_swap,2,seed,NozzleSize=0.75,200,192,0.96,25.589793763075,25.856281423151042,-0.2664876600760415,0.0,8
BEAR B70,rf_ucb,random_swap,2,seed,PrinterNozzle=0,200,192,0.96,25.589793763075,25.856281423151042,-0.2664876600760415,0.0,9
BEAR B70,rf_ucb,random_swap,2,seed,PrinterNumber=1,200,123,0.615,25.589793763075,27.688131572113818,-2.098337809038817,0.0,10
BEAR B70,rf_ucb,random_swap,3,seed,PrinterNumber=3,200,91,0.455,20.831657682225,19.869370091263736,0.9622875909612638,0.43784085388737504,1
BEAR B70,rf_ucb,random_swap,3,seed,DecisionPolicy=7,200,27,0.135,20.831657682225,19.113286205,1.7183714772249985,0.23198014942537482,2
BEAR B70,rf_ucb,random_swap,3,seed,NozzleSize=0.5,200,10,0.05,20.831657682225,18.8185008185,2.0131568637250012,0.10065784318625007,3
BEAR B70,rf_ucb,random_swap,3,seed,PrinterNozzle=1,200,10,0.05,20.831657682225,18.8185008185,2.0131568637250012,0.10065784318625007,4
BEAR B70,rf_ucb,random_swap,3,seed,PrinterNumber=2,200,10,0.05,20.831657682225,18.8185008185,2.0131568637250012,0.10065784318625007,5
BEAR B70,rf_ucb,random_swap,3,seed,PrinterNumber=4,200,37,0.185,20.831657682225,20.464405870675673,0.36725181154932685,0.06794158513662546,6
BEAR B70,rf_ucb,random_swap,3,seed,DecisionPolicy=8,200,173,0.865,20.831657682225,21.099842826069366,-0.26818514384436654,0.0,7
BEAR B70,rf_ucb,random_swap,3,seed,NozzleSize=0.75,200,190,0.95,20.831657682225,20.93761330663158,-0.10595562440657957,0.0,8
BEAR B70,rf_ucb,random_swap,3,seed,PrinterNozzle=0,200,190,0.95,20.831657682225,20.93761330663158,-0.10595562440657957,0.0,9
BEAR B70,rf_ucb,random_swap,3,seed,PrinterNumber=1,200,62,0.31,20.831657682225,22.787916657096773,-1.9562589748717727,0.0,10
BEAR B70,rf_ucb,random_swap,4,seed,PrinterNumber=3,200,79,0.395,22.2826160844,21.260025390126586,1.0225906942734149,0.40392332423799887,1
BEAR B70,rf_ucb,random_swap,4,seed,NozzleSize=0.5,200,11,0.055,22.2826160844,18.586683883181816,3.6959322012181843,0.20327627106700014,2
BEAR B70,rf_ucb,random_swap,4,seed,PrinterNozzle=1,200,11,0.055,22.2826160844,18.586683883181816,3.6959322012181843,0.20327627106700014,3
BEAR B70,rf_ucb,random_swap,4,seed,PrinterNumber=2,200,11,0.055,22.2826160844,18.586683883181816,3.6959322012181843,0.20327627106700014,4
BEAR B70,rf_ucb,random_swap,4,seed,DecisionPolicy=7,200,19,0.095,22.2826160844,20.242158308684207,2.040457775715794,0.19384348869300042,5
BEAR B70,rf_ucb,random_swap,4,seed,PrinterNumber=4,200,28,0.14,22.2826160844,21.13830644482143,1.1443096395785695,0.16020334954099974,6
BEAR B70,rf_ucb,random_swap,4,seed,DecisionPolicy=8,200,181,0.905,22.2826160844,22.496807784613257,-0.21419170021325584,0.0,7
BEAR B70,rf_ucb,random_swap,4,seed,NozzleSize=0.75,200,189,0.945,22.2826160844,22.497723249550265,-0.21510716515026473,0.0,8
BEAR B70,rf_ucb,random_swap,4,seed,PrinterNozzle=0,200,189,0.945,22.2826160844,22.497723249550265,-0.21510716515026473,0.0,9
BEAR B70,rf_ucb,random_swap,4,seed,PrinterNumber=1,200,82,0.41,22.2826160844,24.15433058402439,-1.8717144996243888,0.0,10
BEAR B70,rf_ucb,random_swap,5,seed,PrinterNumber=3,200,80,0.4,23.031016159225,21.4498475746875,1.581168584537501,0.6324674338150005,1
BEAR B70,rf_ucb,random_swap,5,seed,DecisionPolicy=7,200,23,0.115,23.031016159225,19.463561935869567,3.5674542233554334,0.41025723568587485,2
BEAR B70,rf_ucb,random_swap,5,seed,PrinterNumber=4,200,31,0.155,23.031016159225,20.72661244403226,2.3044037151927412,0.3571825758548749,3
BEAR B70,rf_ucb,random_swap,5,seed,NozzleSize=0.5,200,12,0.06,23.031016159225,18.229439790416667,4.801576368808334,0.28809458212850003,4
BEAR B70,rf_ucb,random_swap,5,seed,PrinterNozzle=1,200,12,0.06,23.031016159225,18.229439790416667,4.801576368808334,0.28809458212850003,5
BEAR B70,rf_ucb,random_swap,5,seed,PrinterNumber=2,200,12,0.06,23.031016159225,18.229439790416667,4.801576368808334,0.28809458212850003,6
BEAR B70,rf_ucb,random_swap,5,seed,DecisionPolicy=8,200,177,0.885,23.031016159225,23.49458365717514,-0.46356749795014096,0.0,7
BEAR B70,rf_ucb,random_swap,5,seed,NozzleSize=0.75,200,188,0.94,23.031016159225,23.33749975723404,-0.3064835980090379,0.0,8
BEAR B70,rf_ucb,random_swap,5,seed,PrinterNozzle=0,200,188,0.94,23.031016159225,23.33749975723404,-0.3064835980090379,0.0,9
BEAR B70,rf_ucb,random_swap,5,seed,PrinterNumber=1,200,77,0.385,23.031016159225,26.34983328077922,-3.3188171215542184,0.0,10
BEAR B70,rf_ucb,random_swap,6,seed,PrinterNumber=3,200,51,0.255,26.846707870724998,24.47882603754902,2.3678818331759786,0.6038098674598745,1
BEAR B70,rf_ucb,random_swap,6,seed,NozzleSize=0.5,200,8,0.04,26.846707870724998,20.1819621725,6.664745698224998,0.26658982792899993,2
BEAR B70,rf_ucb,random_swap,6,seed,PrinterNozzle=1,200,8,0.04,26.846707870724998,20.1819621725,6.664745698224998,0.26658982792899993,3
BEAR B70,rf_ucb,random_swap,6,seed,PrinterNumber=2,200,8,0.04,26.846707870724998,20.1819621725,6.664745698224998,0.26658982792899993,4
BEAR B70,rf_ucb,random_swap,6,seed,DecisionPolicy=7,200,12,0.06,26.846707870724998,22.463526659999996,4.383181210725002,0.26299087264350013,5
BEAR B70,rf_ucb,random_swap,6,seed,PrinterNumber=4,200,13,0.065,26.846707870724998,22.865877302307695,3.9808305684173035,0.25875398694712476,6
BEAR B70,rf_ucb,random_swap,6,seed,DecisionPolicy=0,200,5,0.025,26.846707870724998,30.196242683999998,-3.3495348132749996,0.0,7
BEAR B70,rf_ucb,random_swap,6,seed,DecisionPolicy=8,200,183,0.915,26.846707870724998,27.042612244836064,-0.1959043741110662,0.0,8
BEAR B70,rf_ucb,random_swap,6,seed,NozzleSize=0.75,200,192,0.96,26.846707870724998,27.12440560815104,-0.27769773742604187,0.0,9
BEAR B70,rf_ucb,random_swap,6,seed,PrinterNozzle=0,200,192,0.96,26.846707870724998,27.12440560815104,-0.27769773742604187,0.0,10
BEAR B70,rf_ucb,random_swap,6,seed,PrinterNumber=1,200,128,0.64,26.846707870724998,28.611010499375,-1.7643026286500003,0.0,11
BEAR B70,rf_ucb,random_swap,7,seed,DecisionPolicy=7,200,24,0.12,22.3413838252,19.154564906458333,3.1868189187416682,0.38241827024900016,1
BEAR B70,rf_ucb,random_swap,7,seed,PrinterNumber=4,200,31,0.155,22.3413838252,20.47597410693548,1.8654097182645195,0.2891385063310005,2
BEAR B70,rf_ucb,random_swap,7,seed,NozzleSize=0.5,200,12,0.06,22.3413838252,17.569955260833336,4.771428564366666,0.2862857138619999,3
BEAR B70,rf_ucb,random_swap,7,seed,PrinterNozzle=1,200,12,0.06,22.3413838252,17.569955260833336,4.771428564366666,0.2862857138619999,4
BEAR B70,rf_ucb,random_swap,7,seed,PrinterNumber=2,200,12,0.06,22.3413838252,17.569955260833336,4.771428564366666,0.2862857138619999,5
BEAR B70,rf_ucb,random_swap,7,seed,PrinterNumber=3,200,87,0.435,22.3413838252,21.904900950287352,0.4364828749126488,0.18987005058700224,6
BEAR B70,rf_ucb,random_swap,7,seed,DecisionPolicy=8,200,176,0.88,22.3413838252,22.775950041392043,-0.4345662161920423,0.0,7
BEAR B70,rf_ucb,random_swap,7,seed,NozzleSize=0.75,200,188,0.94,22.3413838252,22.64594309526596,-0.3045592700659583,0.0,8
BEAR B70,rf_ucb,random_swap,7,seed,PrinterNozzle=0,200,188,0.94,22.3413838252,22.64594309526596,-0.3045592700659583,0.0,9
BEAR B70,rf_ucb,random_swap,7,seed,PrinterNumber=1,200,70,0.35,22.3413838252,24.527938884571434,-2.1865550593714325,0.0,10
BEAR B70,rf_ucb,random_swap,8,seed,PrinterNumber=3,200,81,0.405,23.146608030924998,21.786651176728395,1.3599568541966036,0.5507825259496245,1
BEAR B70,rf_ucb,random_swap,8,seed,PrinterNumber=4,200,30,0.15,23.146608030924998,20.96031062683333,2.1862974040916683,0.32794461061375024,2
BEAR B70,rf_ucb,random_swap,8,seed,DecisionPolicy=7,200,21,0.105,23.146608030924998,20.073226010238095,3.0733820206869034,0.32270511217212483,3
BEAR B70,rf_ucb,random_swap,8,seed,NozzleSize=0.5,200,12,0.06,23.146608030924998,18.229439790416667,4.917168240508332,0.2950300944304999,4
BEAR B70,rf_ucb,random_swap,8,seed,PrinterNozzle=1,200,12,0.06,23.146608030924998,18.229439790416667,4.917168240508332,0.2950300944304999,5
BEAR B70,rf_ucb,random_swap,8,seed,PrinterNumber=2,200,12,0.06,23.146608030924998,18.229439790416667,4.917168240508332,0.2950300944304999,6
BEAR B70,rf_ucb,random_swap,8,seed,DecisionPolicy=8,200,179,0.895,23.146608030924998,23.507172402067045,-0.360564371142047,0.0,7
BEAR B70,rf_ucb,random_swap,8,seed,NozzleSize=0.75,200,188,0.94,23.146608030924998,23.46046983351064,-0.31386180258564167,0.0,8
BEAR B70,rf_ucb,random_swap,8,seed,PrinterNozzle=0,200,188,0.94,23.146608030924998,23.46046983351064,-0.31386180258564167,0.0,9
BEAR B70,rf_ucb,random_swap,8,seed,PrinterNumber=1,200,77,0.385,23.146608030924998,26.195328111428573,-3.048720080503575,0.0,10
BEAR B70,rf_ucb,random_swap,9,seed,NozzleSize=0.5,200,13,0.065,21.499171847300005,17.318401376923077,4.1807704703769275,0.2717500805745003,1
BEAR B70,rf_ucb,random_swap,9,seed,PrinterNozzle=1,200,13,0.065,21.499171847300005,17.318401376923077,4.1807704703769275,0.2717500805745003,2
BEAR B70,rf_ucb,random_swap,9,seed,PrinterNumber=2,200,13,0.065,21.499171847300005,17.318401376923077,4.1807704703769275,0.2717500805745003,3
BEAR B70,rf_ucb,random_swap,9,seed,DecisionPolicy=7,200,23,0.115,21.499171847300005,19.42237838369565,2.0767934636043535,0.23883124831450067,4
BEAR B70,rf_ucb,random_swap,9,seed,PrinterNumber=3,200,88,0.44,21.499171847300005,21.23756593056818,0.2616059167318241,0.1151066033620026,5
BEAR B70,rf_ucb,random_swap,9,seed,PrinterNumber=4,200,30,0.15,21.499171847300005,21.093898659333334,0.4052731879666709,0.06079097819500063,6
BEAR B70,rf_ucb,random_swap,9,seed,DecisionPolicy=8,200,177,0.885,21.499171847300005,21.769037664604518,-0.2698658173045132,0.0,7
BEAR B70,rf_ucb,random_swap,9,seed,NozzleSize=0.75,200,187,0.935,21.499171847300005,21.78981364470588,-0.2906417974058755,0.0,8
BEAR B70,rf_ucb,random_swap,9,seed,PrinterNozzle=0,200,187,0.935,21.499171847300005,21.78981364470588,-0.2906417974058755,0.0,9
BEAR B70,rf_ucb,random_swap,9,seed,PrinterNumber=1,200,69,0.345,21.499171847300005,22.796701302753622,-1.297529455453617,0.0,10
BEAR B70,rf_ucb,targeted_relink,0,seed,NozzleSize=0.5,200,95,0.475,12.304475282975,4.6421016987894745,7.662373584185525,3.6396274524881242,1
BEAR B70,rf_ucb,targeted_relink,0,seed,PrinterNozzle=1,200,95,0.475,12.304475282975,4.6421016987894745,7.662373584185525,3.6396274524881242,2
BEAR B70,rf_ucb,targeted_relink,0,seed,PrinterNumber=5,200,53,0.265,12.304475282975,1.7992798633018867,10.505195419673113,2.783876786213375,3
BEAR B70,rf_ucb,targeted_relink,0,seed,DecisionPolicy=0,200,24,0.12,12.304475282975,2.2647300510416666,10.039745231933333,1.2047694278319998,4
BEAR B70,rf_ucb,targeted_relink,0,seed,DecisionPolicy=9,200,6,0.03,12.304475282975,1.6230948383333335,10.681380444641666,0.32044141333924997,5
BEAR B70,rf_ucb,targeted_relink,0,seed,PrinterNumber=2,200,30,0.15,12.304475282975,10.618906803500002,1.6855684794749983,0.2528352719212497,6
BEAR B70,rf_ucb,targeted_relink,0,seed,PrinterNumber=3,200,31,0.155,12.304475282975,11.69288190951613,0.6115933734588701,0.09479697288612486,7
BEAR B70,rf_ucb,targeted_relink,0,seed,DecisionPolicy=7,200,14,0.07,12.304475282975,16.757467783928572,-4.452992500953572,0.0,8
BEAR B70,rf_ucb,targeted_relink,0,seed,DecisionPolicy=8,200,156,0.78,12.304475282975,13.860246265160255,-1.5557709821852548,0.0,9
BEAR B70,rf_ucb,targeted_relink,0,seed,NozzleSize=0.75,200,105,0.525,12.304475282975,19.237099001999997,-6.932623719024997,0.0,10
BEAR B70,rf_ucb,targeted_relink,0,seed,PrinterNozzle=0,200,105,0.525,12.304475282975,19.237099001999997,-6.932623719024997,0.0,11
BEAR B70,rf_ucb,targeted_relink,0,seed,PrinterNumber=1,200,63,0.315,12.304475282975,20.311920116031747,-8.007444833056747,0.0,12
BEAR B70,rf_ucb,targeted_relink,0,seed,PrinterNumber=4,200,23,0.115,12.304475282975,17.60155274913043,-5.2970774661554305,0.0,13
BEAR B70,rf_ucb,targeted_relink,1,seed,NozzleSize=0.5,200,87,0.435,12.815479711399998,4.637401947241379,8.178077764158619,3.5574638274089994,1
BEAR B70,rf_ucb,targeted_relink,1,seed,PrinterNozzle=1,200,87,0.435,12.815479711399998,4.637401947241379,8.178077764158619,3.5574638274089994,2
BEAR B70,rf_ucb,targeted_relink,1,seed,PrinterNumber=5,200,48,0.24,12.815479711399998,2.1009842616666665,10.714495449733331,2.571478907935999,3
BEAR B70,rf_ucb,targeted_relink,1,seed,DecisionPolicy=0,200,18,0.09,12.815479711399998,2.9486112594444447,9.866868451955554,0.8880181606759998,4
BEAR B70,rf_ucb,targeted_relink,1,seed,PrinterNumber=2,200,30,0.15,12.815479711399998,9.457467723833334,3.3580119875666643,0.5037017981349996,5
BEAR B70,rf_ucb,targeted_relink,1,seed,DecisionPolicy=9,200,6,0.03,12.815479711399998,2.134270875,10.681208836399998,0.3204362650919999,6
BEAR B70,rf_ucb,targeted_relink,1,seed,PrinterNumber=3,200,20,0.1,12.815479711399998,11.045191866749999,1.7702878446499994,0.17702878446499995,7
BEAR B70,rf_ucb,targeted_relink,1,seed,DecisionPolicy=7,200,14,0.07,12.815479711399998,16.75746778392857,-3.94198807252857,0.0,8
BEAR B70,rf_ucb,targeted_relink,1,seed,DecisionPolicy=8,200,160,0.8,12.815479711399998,14.11329345509375,-1.2978137436937516,0.0,9
BEAR B70,rf_ucb,targeted_relink,1,seed,NozzleSize=0.75,200,113,0.565,12.815479711399998,19.111875866106196,-6.296396154706198,0.0,10
BEAR B70,rf_ucb,targeted_relink,1,seed,PrinterNozzle=0,200,113,0.565,12.815479711399998,19.111875866106196,-6.296396154706198,0.0,11
BEAR B70,rf_ucb,targeted_relink,1,seed,PrinterNumber=1,200,81,0.405,12.815479711399998,19.492668381543208,-6.6771886701432095,0.0,12
BEAR B70,rf_ucb,targeted_relink,1,seed,PrinterNumber=4,200,21,0.105,12.815479711399998,18.034032845952378,-5.21855313455238,0.0,13
BEAR B70,rf_ucb,targeted_relink,2,seed,NozzleSize=0.5,200,121,0.605,10.2811821149,4.2499398878099175,6.0312422270900825,3.6489015473895,1
BEAR B70,rf_ucb,targeted_relink,2,seed,PrinterNozzle=1,200,121,0.605,10.2811821149,4.2499398878099175,6.0312422270900825,3.6489015473895,2
BEAR B70,rf_ucb,targeted_relink,2,seed,PrinterNumber=5,200,56,0.28,10.2811821149,1.7831398737500002,8.49804224115,2.3794518275220002,3
BEAR B70,rf_ucb,targeted_relink,2,seed,DecisionPolicy=0,200,32,0.16,10.2811821149,2.7915209520312496,7.48966116286875,1.198345786059,4
BEAR B70,rf_ucb,targeted_relink,2,seed,PrinterNumber=3,200,30,0.15,10.2811821149,5.335654827333333,4.945527287566667,0.741829093135,5
BEAR B70,rf_ucb,targeted_relink,2,seed,DecisionPolicy=9,200,8,0.04,10.2811821149,1.9599808775,8.3212012374,0.332848049496,6
BEAR B70,rf_ucb,targeted_relink,2,seed,PrinterNumber=2,200,38,0.19,10.2811821149,9.245444766447369,1.0357373484526313,0.19679009620599996,7
BEAR B70,rf_ucb,targeted_relink,2,seed,DecisionPolicy=7,200,19,0.095,10.2811821149,16.760082994473684,-6.478900879573684,0.0,8
BEAR B70,rf_ucb,targeted_relink,2,seed,DecisionPolicy=8,200,137,0.685,10.2811821149,11.845134674452556,-1.5639525595525559,0.0,9
BEAR B70,rf_ucb,targeted_relink,2,seed,NozzleSize=0.75,200,79,0.395,10.2811821149,19.518907551329118,-9.237725436429118,0.0,10
BEAR B70,rf_ucb,targeted_relink,2,seed,PrinterNozzle=0,200,79,0.395,10.2811821149,19.518907551329118,-9.237725436429118,0.0,11
BEAR B70,rf_ucb,targeted_relink,2,seed,PrinterNumber=1,200,52,0.26,10.2811821149,19.61504798644231,-9.33386587154231,0.0,12
BEAR B70,rf_ucb,targeted_relink,2,seed,PrinterNumber=4,200,24,0.12,10.2811821149,17.708397867083335,-7.427215752183335,0.0,13
BEAR B70,rf_ucb,targeted_relink,3,seed,NozzleSize=0.5,200,109,0.545,11.682035211025,4.5469214407339456,7.135113770291054,3.8886370048086247,1
BEAR B70,rf_ucb,targeted_relink,3,seed,PrinterNozzle=1,200,109,0.545,11.682035211025,4.5469214407339456,7.135113770291054,3.8886370048086247,2
BEAR B70,rf_ucb,targeted_relink,3,seed,PrinterNumber=5,200,54,0.27,11.682035211025,1.7740612062037036,9.907974004821295,2.67515298130175,3
BEAR B70,rf_ucb,targeted_relink,3,seed,PrinterNumber=3,200,17,0.085,11.682035211025,1.7723200858823531,9.909715125142647,0.842325785637125,4
BEAR B70,rf_ucb,targeted_relink,3,seed,DecisionPolicy=0,200,20,0.1,11.682035211025,4.2575449315,7.424490279524999,0.7424490279525,5
BEAR B70,rf_ucb,targeted_relink,3,seed,DecisionPolicy=9,200,5,0.025,11.682035211025,1.49844593,10.183589281025,0.254589732025625,6
BEAR B70,rf_ucb,targeted_relink,3,seed,PrinterNumber=2,200,35,0.175,11.682035211025,10.292174618428572,1.3898605925964276,0.24322560370437482,7
BEAR B70,rf_ucb,targeted_relink,3,seed,DecisionPolicy=7,200,13,0.065,11.682035211025,16.194381737692307,-4.512346526667308,0.0,8
BEAR B70,rf_ucb,targeted_relink,3,seed,DecisionPolicy=8,200,161,0.805,11.682035211025,12.611021674378883,-0.9289864633538834,0.0,9
BEAR B70,rf_ucb,targeted_relink,3,seed,NozzleSize=0.75,200,91,0.455,11.682035211025,20.228490166648353,-8.546454955623354,0.0,10
BEAR B70,rf_ucb,targeted_relink,3,seed,PrinterNozzle=0,200,91,0.455,11.682035211025,20.228490166648353,-8.546454955623354,0.0,11
BEAR B70,rf_ucb,targeted_relink,3,seed,PrinterNumber=1,200,84,0.42,11.682035211025,20.015511639940478,-8.333476428915478,0.0,12
BEAR B70,rf_ucb,targeted_relink,3,seed,PrinterNumber=4,200,10,0.05,11.682035211025,16.894920621,-5.2128854099750015,0.0,13
BEAR B70,rf_ucb,targeted_relink,4,seed,NozzleSize=0.5,200,118,0.59,10.65954033105,4.220609738135593,6.4389305929144065,3.7989690498194997,1
BEAR B70,rf_ucb,targeted_relink,4,seed,PrinterNozzle=1,200,118,0.59,10.65954033105,4.220609738135593,6.4389305929144065,3.7989690498194997,2
BEAR B70,rf_ucb,targeted_relink,4,seed,PrinterNumber=5,200,56,0.28,10.65954033105,1.7597053780357146,8.899834953014285,2.491953786844,3
BEAR B70,rf_ucb,targeted_relink,4,seed,DecisionPolicy=0,200,29,0.145,10.65954033105,2.24373157275862,8.41580875829138,1.22029226995225,4
BEAR B70,rf_ucb,targeted_relink,4,seed,PrinterNumber=3,200,27,0.135,10.65954033105,4.119952502407407,6.539587828642593,0.8828443568667501,5
BEAR B70,rf_ucb,targeted_relink,4,seed,DecisionPolicy=9,200,7,0.035,10.65954033105,1.799276165,8.86026416605,0.31010924581175003,6
BEAR B70,rf_ucb,targeted_relink,4,seed,PrinterNumber=2,200,36,0.18,10.65954033105,9.617780579166666,1.0417597518833333,0.18751675533899997,7
BEAR B70,rf_ucb,targeted_relink,4,seed,DecisionPolicy=7,200,18,0.09,10.65954033105,17.373863056388885,-6.714322725338885,0.0,8
BEAR B70,rf_ucb,targeted_relink,4,seed,DecisionPolicy=8,200,144,0.72,10.65954033105,12.059317125590278,-1.3997767945402781,0.0,9
BEAR B70,rf_ucb,targeted_relink,4,seed,NozzleSize=0.75,200,82,0.41,10.65954033105,19.92531850134146,-9.265778170291462,0.0,10
BEAR B70,rf_ucb,targeted_relink,4,seed,PrinterNozzle=0,200,82,0.41,10.65954033105,19.92531850134146,-9.265778170291462,0.0,11
BEAR B70,rf_ucb,targeted_relink,4,seed,PrinterNumber=1,200,62,0.31,10.65954033105,19.90474476080645,-9.245204429756452,0.0,12
BEAR B70,rf_ucb,targeted_relink,4,seed,PrinterNumber=4,200,19,0.095,10.65954033105,17.989030076578945,-7.329489745528946,0.0,13
BEAR B70,rf_ucb,targeted_relink,5,seed,NozzleSize=0.5,200,92,0.46,12.5304319611,4.409437603152174,8.120994357947826,3.735657404656,1
BEAR B70,rf_ucb,targeted_relink,5,seed,PrinterNozzle=1,200,92,0.46,12.5304319611,4.409437603152174,8.120994357947826,3.735657404656,2
BEAR B70,rf_ucb,targeted_relink,5,seed,PrinterNumber=5,200,48,0.24,12.5304319611,1.7767016533333333,10.753730307766666,2.580895273864,3
BEAR B70,rf_ucb,targeted_relink,5,seed,DecisionPolicy=0,200,21,0.105,12.5304319611,2.9148207619047617,9.615611199195238,1.0096391759155,4
BEAR B70,rf_ucb,targeted_relink,5,seed,PrinterNumber=2,200,33,0.165,12.5304319611,9.032246220151515,3.4981857409484842,0.5772006472564999,5
BEAR B70,rf_ucb,targeted_relink,5,seed,DecisionPolicy=9,200,5,0.025,12.5304319611,1.49844593,11.0319860311,0.2757996507775,6
BEAR B70,rf_ucb,targeted_relink,5,seed,DecisionPolicy=7,200,16,0.08,12.5304319611,16.3294903440625,-3.7990583829624995,0.0,7
BEAR B70,rf_ucb,targeted_relink,5,seed,DecisionPolicy=8,200,154,0.77,12.5304319611,14.062939401818182,-1.5325074407181827,0.0,8
BEAR B70,rf_ucb,targeted_relink,5,seed,NozzleSize=0.75,200,108,0.54,12.5304319611,19.448316043796293,-6.917884082696293,0.0,9
BEAR B70,rf_ucb,targeted_relink,5,seed,PrinterNozzle=0,200,108,0.54,12.5304319611,19.448316043796293,-6.917884082696293,0.0,10
BEAR B70,rf_ucb,targeted_relink,5,seed,PrinterNumber=1,200,57,0.285,12.5304319611,19.907898115526315,-7.377466154426315,0.0,11
BEAR B70,rf_ucb,targeted_relink,5,seed,PrinterNumber=3,200,36,0.18,12.5304319611,13.325517350972225,-0.7950853898722254,0.0,12
BEAR B70,rf_ucb,targeted_relink,5,seed,PrinterNumber=4,200,26,0.13,12.5304319611,19.548914245192307,-7.018482284092308,0.0,13
BEAR B70,rf_ucb,targeted_relink,6,seed,NozzleSize=0.5,200,87,0.435,14.216942637325001,4.9810315802873575,9.235911057037644,4.017621309811375,1
BEAR B70,rf_ucb,targeted_relink,6,seed,PrinterNozzle=1,200,87,0.435,14.216942637325001,4.9810315802873575,9.235911057037644,4.017621309811375,2
BEAR B70,rf_ucb,targeted_relink,6,seed,PrinterNumber=5,200,43,0.215,14.216942637325001,1.915665850581395,12.301276786743607,2.6447745091498756,3
BEAR B70,rf_ucb,targeted_relink,6,seed,DecisionPolicy=0,200,19,0.095,14.216942637325001,2.779911114210526,11.437031523114475,1.0865179946958752,4
BEAR B70,rf_ucb,targeted_relink,6,seed,PrinterNumber=2,200,33,0.165,14.216942637325001,9.713598054393941,4.50334458293106,0.7430518561836249,5
BEAR B70,rf_ucb,targeted_relink,6,seed,DecisionPolicy=9,200,6,0.03,14.216942637325001,1.6230948383333335,12.593847798991668,0.37781543396975004,6
BEAR B70,rf_ucb,targeted_relink,6,seed,PrinterNumber=3,200,20,0.1,14.216942637325001,11.796287877249998,2.420654760075003,0.24206547600750028,7
BEAR B70,rf_ucb,targeted_relink,6,seed,DecisionPolicy=7,200,15,0.075,14.216942637325001,17.426797259,-3.2098546216749995,0.0,8
BEAR B70,rf_ucb,targeted_relink,6,seed,DecisionPolicy=8,200,157,0.785,14.216942637325001,16.004179071974523,-1.7872364346495218,0.0,9
BEAR B70,rf_ucb,targeted_relink,6,seed,NozzleSize=0.75,200,113,0.565,14.216942637325001,21.327776813982304,-7.110834176657303,0.0,10
BEAR B70,rf_ucb,targeted_relink,6,seed,PrinterNozzle=0,200,113,0.565,14.216942637325001,21.327776813982304,-7.110834176657303,0.0,11
BEAR B70,rf_ucb,targeted_relink,6,seed,PrinterNumber=1,200,82,0.41,14.216942637325001,22.421226072195125,-8.204283434870124,0.0,12
BEAR B70,rf_ucb,targeted_relink,6,seed,PrinterNumber=4,200,22,0.11,14.216942637325001,16.63635748318182,-2.419414845856817,0.0,13
BEAR B70,rf_ucb,targeted_relink,7,seed,NozzleSize=0.5,200,87,0.435,13.501291677025002,5.433436946494253,8.067854730530748,3.509516807780875,1
BEAR B70,rf_ucb,targeted_relink,7,seed,PrinterNozzle=1,200,87,0.435,13.501291677025002,5.433436946494253,8.067854730530748,3.509516807780875,2
BEAR B70,rf_ucb,targeted_relink,7,seed,PrinterNumber=5,200,45,0.225,13.501291677025002,1.964718160111111,11.53657351691389,2.5957290413056255,3
BEAR B70,rf_ucb,targeted_relink,7,seed,DecisionPolicy=0,200,16,0.08,13.501291677025002,3.0542594371875,10.447032239837501,0.8357625791870001,4
BEAR B70,rf_ucb,targeted_relink,7,seed,PrinterNumber=2,200,32,0.16,13.501291677025002,11.05725404859375,2.4440376284312517,0.3910460205490003,5
BEAR B70,rf_ucb,targeted_relink,7,seed,DecisionPolicy=9,200,5,0.025,13.501291677025002,1.815840103,11.685451574025002,0.2921362893506251,6
BEAR B70,rf_ucb,targeted_relink,7,seed,PrinterNumber=3,200,23,0.115,13.501291677025002,11.930625229347829,1.5706664476771728,0.18062664148287488,7
BEAR B70,rf_ucb,targeted_relink,7,seed,DecisionPolicy=7,200,17,0.085,13.501291677025002,18.009598760294114,-4.508307083269113,0.0,8
BEAR B70,rf_ucb,targeted_relink,7,seed,DecisionPolicy=8,200,161,0.805,13.501291677025002,14.497121430962734,-0.9958297539377323,0.0,9
BEAR B70,rf_ucb,targeted_relink,7,seed,NozzleSize=0.75,200,113,0.565,13.501291677025002,19.712825850088496,-6.2115341730634945,0.0,10
BEAR B70,rf_ucb,targeted_relink,7,seed,PrinterNozzle=0,200,113,0.565,13.501291677025002,19.712825850088496,-6.2115341730634945,0.0,11
BEAR B70,rf_ucb,targeted_relink,7,seed,PrinterNumber=1,200,78,0.39,13.501291677025002,20.385494981025644,-6.884203304000643,0.0,12
BEAR B70,rf_ucb,targeted_relink,7,seed,PrinterNumber=4,200,22,0.11,13.501291677025002,17.888222720454543,-4.386931043429541,0.0,13
BEAR B70,rf_ucb,targeted_relink,8,seed,NozzleSize=0.5,200,86,0.43,12.893875212000003,5.018328387093024,7.875546824906979,3.386485134710001,1
BEAR B70,rf_ucb,targeted_relink,8,seed,PrinterNozzle=1,200,86,0.43,12.893875212000003,5.018328387093024,7.875546824906979,3.386485134710001,2
BEAR B70,rf_ucb,targeted_relink,8,seed,PrinterNumber=5,200,42,0.21,12.893875212000003,1.9848739016666663,10.909001310333336,2.2908902751700007,3
BEAR B70,rf_ucb,targeted_relink,8,seed,DecisionPolicy=0,200,17,0.085,12.893875212000003,3.3294005564705884,9.564474655529414,0.8129803457200003,4
BEAR B70,rf_ucb,targeted_relink,8,seed,PrinterNumber=2,200,34,0.17,12.893875212000003,9.530474851617647,3.3634003603823555,0.5717780612650004,5
BEAR B70,rf_ucb,targeted_relink,8,seed,DecisionPolicy=9,200,7,0.035,12.893875212000003,2.1457826435714287,10.748092568428575,0.3761832398950002,6
BEAR B70,rf_ucb,targeted_relink,8,seed,DecisionPolicy=7,200,15,0.075,12.893875212000003,16.594352332333337,-3.7004771203333338,0.0,7
BEAR B70,rf_ucb,targeted_relink,8,seed,DecisionPolicy=8,200,157,0.785,12.893875212000003,14.334007243757963,-1.44013203175796,0.0,8
BEAR B70,rf_ucb,targeted_relink,8,seed,NozzleSize=0.75,200,114,0.57,12.893875212000003,18.8350772027193,-5.941201990719298,0.0,9
BEAR B70,rf_ucb,targeted_relink,8,seed,PrinterNozzle=0,200,114,0.57,12.893875212000003,18.8350772027193,-5.941201990719298,0.0,10
BEAR B70,rf_ucb,targeted_relink,8,seed,PrinterNumber=1,200,66,0.33,12.893875212000003,19.86439621712121,-6.970521005121208,0.0,11
BEAR B70,rf_ucb,targeted_relink,8,seed,PrinterNumber=3,200,37,0.185,12.893875212000003,12.975357626351348,-0.08148241435134551,0.0,12
BEAR B70,rf_ucb,targeted_relink,8,seed,PrinterNumber=4,200,21,0.105,12.893875212000003,18.106467193809525,-5.212591981809522,0.0,13
BEAR B70,rf_ucb,targeted_relink,9,seed,NozzleSize=0.5,200,108,0.54,12.12383367095,4.788772306527777,7.335061364422224,3.960933136788001,1
BEAR B70,rf_ucb,targeted_relink,9,seed,PrinterNozzle=1,200,108,0.54,12.12383367095,4.788772306527777,7.335061364422224,3.960933136788001,2
BEAR B70,rf_ucb,targeted_relink,9,seed,PrinterNumber=5,200,55,0.275,12.12383367095,2.068755435363636,10.055078235586365,2.7651465147862506,3
BEAR B70,rf_ucb,targeted_relink,9,seed,DecisionPolicy=0,200,23,0.115,12.12383367095,2.4399561602173914,9.683877510732609,1.11364591373425,4
BEAR B70,rf_ucb,targeted_relink,9,seed,PrinterNumber=2,200,37,0.185,12.12383367095,9.650001867702704,2.473831803247297,0.4576588836007499,5
BEAR B70,rf_ucb,targeted_relink,9,seed,DecisionPolicy=9,200,6,0.03,12.12383367095,1.9143305333333334,10.209503137616668,0.3062850941285,6
BEAR B70,rf_ucb,targeted_relink,9,seed,PrinterNumber=3,200,21,0.105,12.12383367095,11.656122970714286,0.46771070023571504,0.049109623524750075,7
BEAR B70,rf_ucb,targeted_relink,9,seed,DecisionPolicy=7,200,16,0.08,12.12383367095,16.956426162187498,-4.832592491237497,0.0,8
BEAR B70,rf_ucb,targeted_relink,9,seed,DecisionPolicy=8,200,151,0.755,12.12383367095,13.73634425976821,-1.6125105888182087,0.0,9
BEAR B70,rf_ucb,targeted_relink,9,seed,NozzleSize=0.75,200,92,0.46,12.12383367095,20.734557881358693,-8.610724210408693,0.0,10
BEAR B70,rf_ucb,targeted_relink,9,seed,PrinterNozzle=0,200,92,0.46,12.12383367095,20.734557881358693,-8.610724210408693,0.0,11
BEAR B70,rf_ucb,targeted_relink,9,seed,PrinterNumber=1,200,67,0.335,12.12383367095,20.544266190597014,-8.420432519647013,0.0,12
BEAR B70,rf_ucb,targeted_relink,9,seed,PrinterNumber=4,200,20,0.1,12.12383367095,16.634534949250003,-4.510701278300003,0.0,13
BEAR B70,rf_ucb,clean,all,aggregate,PrinterNumber=3,2000,709,0.3545,24.556160536504997,22.700689774633286,1.855470761871711,0.6577643850835215,1
BEAR B70,rf_ucb,clean,all,aggregate,PrinterNumber=4,2000,225,0.1125,24.556160536504997,21.377151974266663,3.1790085622383337,0.35763846325181253,2
BEAR B70,rf_ucb,clean,all,aggregate,DecisionPolicy=7,2000,172,0.086,24.556160536504997,20.838845066831393,3.717315469673604,0.3196891303919299,3
BEAR B70,rf_ucb,clean,all,aggregate,NozzleSize=0.5,2000,83,0.0415,24.556160536504997,19.502538760180727,5.05362177632427,0.20972530371745723,4
BEAR B70,rf_ucb,clean,all,aggregate,PrinterNozzle=1,2000,83,0.0415,24.556160536504997,19.502538760180727,5.05362177632427,0.20972530371745723,5
BEAR B70,rf_ucb,clean,all,aggregate,PrinterNumber=2,2000,83,0.0415,24.556160536504997,19.502538760180727,5.05362177632427,0.20972530371745723,6
BEAR B70,rf_ucb,clean,all,aggregate,DecisionPolicy=0,2000,10,0.005,24.556160536504997,29.280715791,-4.724555254495002,0.0,7
BEAR B70,rf_ucb,clean,all,aggregate,DecisionPolicy=8,2000,1818,0.909,24.556160536504997,24.88186609659241,-0.3257055600874139,0.0,8
BEAR B70,rf_ucb,clean,all,aggregate,NozzleSize=0.75,2000,1917,0.9585,24.556160536504997,24.774966278515915,-0.21880574201091818,0.0,9
BEAR B70,rf_ucb,clean,all,aggregate,PrinterNozzle=0,2000,1917,0.9585,24.556160536504997,24.774966278515915,-0.21880574201091818,0.0,10
BEAR B70,rf_ucb,clean,all,aggregate,PrinterNumber=1,2000,983,0.4915,24.556160536504997,27.048791568148523,-2.4926310316435263,0.0,11
BEAR B70,rf_ucb,random_swap,all,aggregate,PrinterNumber=3,2000,757,0.3785,23.257473702210003,21.635947248031705,1.6215264541782979,0.6137477629064858,1
BEAR B70,rf_ucb,random_swap,all,aggregate,DecisionPolicy=7,2000,205,0.1025,23.257473702210003,19.97644238304878,3.2810313191612224,0.3363057102140253,2
BEAR B70,rf_ucb,random_swap,all,aggregate,PrinterNumber=4,2000,277,0.1385,23.257473702210003,20.990637524711193,2.26683617749881,0.3139568105835852,3
BEAR B70,rf_ucb,random_swap,all,aggregate,NozzleSize=0.5,2000,105,0.0525,23.257473702210003,18.28903699757143,4.968436704638574,0.2608429269935251,4
BEAR B70,rf_ucb,random_swap,all,aggregate,PrinterNozzle=1,2000,105,0.0525,23.257473702210003,18.28903699757143,4.968436704638574,0.2608429269935251,5
BEAR B70,rf_ucb,random_swap,all,aggregate,PrinterNumber=2,2000,105,0.0525,23.257473702210003,18.28903699757143,4.968436704638574,0.2608429269935251,6
BEAR B70,rf_ucb,random_swap,all,aggregate,DecisionPolicy=0,2000,7,0.0035,23.257473702210003,27.798798142857144,-4.541324440647141,0.0,7
BEAR B70,rf_ucb,random_swap,all,aggregate,DecisionPolicy=8,2000,1788,0.894,23.257473702210003,23.615875351730985,-0.35840164952098164,0.0,8
BEAR B70,rf_ucb,random_swap,all,aggregate,NozzleSize=0.75,2000,1895,0.9475,23.257473702210003,23.53276966737467,-0.27529596516466626,0.0,9
BEAR B70,rf_ucb,random_swap,all,aggregate,PrinterNozzle=0,2000,1895,0.9475,23.257473702210003,23.53276966737467,-0.27529596516466626,0.0,10
BEAR B70,rf_ucb,random_swap,all,aggregate,PrinterNumber=1,2000,861,0.4305,23.257473702210003,26.01832736186992,-2.760853659659915,0.0,11
BEAR B70,rf_ucb,targeted_relink,all,aggregate,NozzleSize=0.5,2000,990,0.495,12.300908780974998,4.659427691994949,7.641481088980049,3.7825331390451242,1
BEAR B70,rf_ucb,targeted_relink,all,aggregate,PrinterNozzle=1,2000,990,0.495,12.300908780974998,4.659427691994949,7.641481088980049,3.7825331390451242,2
BEAR B70,rf_ucb,targeted_relink,all,aggregate,PrinterNumber=5,2000,500,0.25,12.300908780974998,1.88724319501,10.413665585965,2.60341639649125,3
BEAR B70,rf_ucb,targeted_relink,all,aggregate,DecisionPolicy=0,2000,219,0.1095,12.300908780974998,2.8428895338356166,9.458019247139381,1.0356531075617623,4
BEAR B70,rf_ucb,targeted_relink,all,aggregate,PrinterNumber=2,2000,338,0.169,12.300908780974998,9.803596313949704,2.497312467025294,0.4220458069272747,5
BEAR B70,rf_ucb,targeted_relink,all,aggregate,DecisionPolicy=9,2000,61,0.0305,12.300908780974998,1.8217650000819672,10.47914378089303,0.31961388531723744,6
BEAR B70,rf_ucb,targeted_relink,all,aggregate,PrinterNumber=3,2000,262,0.131,12.300908780974998,9.922658615992367,2.3782501649826315,0.31155077161272476,7
BEAR B70,rf_ucb,targeted_relink,all,aggregate,DecisionPolicy=10,2000,22,0.011,12.300908780974998,2.386818868636364,9.914089912338634,0.10905498903572497,8
BEAR B70,rf_ucb,targeted_relink,all,aggregate,DecisionPolicy=7,2000,157,0.0785,12.300908780974998,16.94243477289809,-4.641525991923091,0.0,9
BEAR B70,rf_ucb,targeted_relink,all,aggregate,DecisionPolicy=8,2000,1538,0.769,12.300908780974998,13.749699238816644,-1.4487904578416462,0.0,10
BEAR B70,rf_ucb,targeted_relink,all,aggregate,NozzleSize=0.75,2000,1010,0.505,12.300908780974998,19.791073412747526,-7.490164631772528,0.0,11
BEAR B70,rf_ucb,targeted_relink,all,aggregate,PrinterNozzle=0,2000,1010,0.505,12.300908780974998,19.791073412747526,-7.490164631772528,0.0,12
BEAR B70,rf_ucb,targeted_relink,all,aggregate,PrinterNumber=1,2000,692,0.346,12.300908780974998,20.295971211791908,-7.99506243081691,0.0,13
BEAR B70,rf_ucb,targeted_relink,all,aggregate,PrinterNumber=4,2000,208,0.104,12.300908780974998,17.78861429990385,-5.48770551892885,0.0,14
